Num_of_switch,IDs,Time
2,"1, 10",80.14830279350282
2,"1, 10",80.19329380989075
2,"1, 10",80.29865717887878
2,"1, 10",80.43925738334657
2,"1, 10",80.46393704414369
2,"1, 10",81.16398310661316
2,"1, 10",81.22277235984801
2,"1, 10",81.29652070999146
2,"1, 10",81.35306644439697
2,"1, 10",81.42478775978088
