Num_of_switch,IDs,Time
5,"1, 5, 2, 25, 11",75.10440444946289
5,"1, 5, 2, 25, 11",75.25654482841493
5,"1, 5, 2, 25, 11",75.35290646553041
5,"1, 5, 2, 25, 11",75.54600930213928
5,"1, 5, 2, 25, 11",75.62483429908751
5,"1, 5, 2, 25, 11",76.2079086303711
5,"1, 5, 2, 25, 11",76.33641552925108
5,"1, 5, 2, 25, 11",76.5392153263092
5,"1, 5, 2, 25, 11",76.61471652984619
5,"1, 5, 2, 25, 11",76.63147735595703
