Num_of_switch,IDs,Time
2,"1, 11",75.09326767921449
2,"1, 11",75.17911195755005
2,"1, 11",75.33178806304932
2,"1, 11",75.43017244338989
2,"1, 11",75.49493217468263
2,"1, 11",76.1617693901062
2,"1, 11",76.22948479652405
2,"1, 11",76.34791803359984
2,"1, 11",76.44153404235841
2,"1, 11",76.50560307502747
