Num_of_switch,IDs,Time
5,"1, 5, 2, 25, 12",70.1205997467041
5,"1, 5, 2, 25, 12",70.26251578330994
5,"1, 5, 2, 25, 12",70.33396935462953
5,"1, 5, 2, 25, 12",70.44973254203795
5,"1, 5, 2, 25, 12",70.58066725730895
5,"1, 5, 2, 25, 12",71.22081613540651
5,"1, 5, 2, 25, 12",71.34637594223021
5,"1, 5, 2, 25, 12",71.59027552604675
5,"1, 5, 2, 25, 12",71.60441517829895
5,"1, 5, 2, 25, 12",71.64068484306335
