Num_of_switch,IDs,Time
3,"1, 7, 12",70.20160293579103
3,"1, 7, 12",70.27940917015076
3,"1, 7, 12",70.43185424804688
3,"1, 7, 12",70.5379614830017
3,"1, 7, 12",70.59554719924927
3,"1, 7, 12",71.28225994110106
3,"1, 7, 12",71.34221363067627
3,"1, 7, 12",71.44250059127808
3,"1, 7, 12",71.53300189971924
3,"1, 7, 12",71.61286926269531
