Num_of_switch,IDs,Time
2,"1, 12",70.18223547935486
2,"1, 12",70.22618222236632
2,"1, 12",70.26629805564879
2,"1, 12",70.36036491394043
2,"1, 12",70.44932031631471
2,"1, 12",71.22046184539795
2,"1, 12",71.27313685417175
2,"1, 12",71.35152626037599
2,"1, 12",71.3991837501526
2,"1, 12",71.4820396900177
