Num_of_switch,IDs,Time
4,"1, 3, 25, 14",60.11183285713196
4,"1, 3, 25, 14",60.20787644386292
4,"1, 3, 25, 14",60.37235903739929
4,"1, 3, 25, 14",60.46330690383911
4,"1, 3, 25, 14",60.54693365097046
4,"1, 3, 25, 14",61.259398698806756
4,"1, 3, 25, 14",61.30636239051819
4,"1, 3, 25, 14",61.40861940383911
4,"1, 3, 25, 14",61.48402833938599
4,"1, 3, 25, 14",61.55512595176697
