Num_of_switch,IDs,Time
2,"1, 14",60.15818047523498
2,"1, 14",60.32372689247131
2,"1, 14",60.36743569374085
2,"1, 14",60.45456075668335
2,"1, 14",60.54218482971192
2,"1, 14",61.274383783340454
2,"1, 14",61.419042110443115
2,"1, 14",61.475723028182976
2,"1, 14",61.540454149246216
2,"1, 14",61.5893337726593
