Num_of_switch,IDs,Time
2,"1, 15",55.1631453037262
2,"1, 15",55.233413457870476
2,"1, 15",55.39581155776978
2,"1, 15",55.552329540252686
2,"1, 15",55.618239879608154
2,"1, 15",56.20944833755493
2,"1, 15",56.22262763977051
2,"1, 15",56.27092814445496
2,"1, 15",56.32225394248962
2,"1, 15",56.41396617889404
