Num_of_switch,IDs,Time
3,"1, 5, 15",55.09922432899475
3,"1, 5, 15",55.17983412742615
3,"1, 5, 15",55.355801582336426
3,"1, 5, 15",55.45835852622986
3,"1, 5, 15",55.55241942405701
3,"1, 5, 15",56.364516973495476
3,"1, 5, 15",56.43278503417969
3,"1, 5, 15",56.45367193222046
3,"1, 5, 15",56.521570920944214
3,"1, 5, 15",56.61105465888977
