Num_of_switch,IDs,Time
2,"1, 15",55.08417963981629
2,"1, 15",55.09913301467896
2,"1, 15",55.259966135025024
2,"1, 15",55.3142626285553
2,"1, 15",55.349553346633904
2,"1, 15",56.06308579444885
2,"1, 15",56.14169955253601
2,"1, 15",56.243962526321404
2,"1, 15",56.32306361198425
2,"1, 15",56.390549659729004
