Num_of_switch,IDs,Time
4,"1, 13, 19, 15",55.12678980827332
4,"1, 13, 19, 15",55.140185832977295
4,"1, 13, 19, 15",55.39604043960571
4,"1, 13, 19, 15",55.46927070617676
4,"1, 13, 19, 15",55.52778816223145
4,"1, 13, 19, 15",56.12390375137329
4,"1, 13, 19, 15",56.245584964752204
4,"1, 13, 19, 15",56.37613773345947
4,"1, 13, 19, 15",56.450494289398186
4,"1, 13, 19, 15",56.52648711204529
