Num_of_switch,IDs,Time
4,"1, 5, 2, 16",50.05794906616211
4,"1, 5, 2, 16",50.16205525398254
4,"1, 5, 2, 16",50.19456768035889
4,"1, 5, 2, 16",50.358558177948
4,"1, 5, 2, 16",50.43448829650879
4,"1, 5, 2, 16",51.0928430557251
4,"1, 5, 2, 16",51.19375228881836
4,"1, 5, 2, 16",51.331591367721565
4,"1, 5, 2, 16",51.51059007644653
4,"1, 5, 2, 16",51.52741479873657
