Num_of_switch,IDs,Time
4,"1, 5, 22, 16",50.110506296157844
4,"1, 5, 22, 16",50.1590211391449
4,"1, 5, 22, 16",50.35635185241699
4,"1, 5, 22, 16",50.49781608581543
4,"1, 5, 22, 16",50.56125473976135
4,"1, 5, 22, 16",51.58883118629456
4,"1, 5, 22, 16",51.80668663978579
4,"1, 5, 22, 16",51.81415915489197
4,"1, 5, 22, 16",51.82553219795227
4,"1, 5, 22, 16",51.831329584121704
