Num_of_switch,IDs,Time
2,"1, 17",45.05805540084839
2,"1, 17",45.161580324172974
2,"1, 17",45.24778652191162
2,"1, 17",45.31158471107483
2,"1, 17",45.44502758979797
2,"1, 17",46.1026017665863
2,"1, 17",46.16538095474243
2,"1, 17",46.282315254211426
2,"1, 17",46.4209098815918
2,"1, 17",46.498923540115356
