Num_of_switch,IDs,Time
2,"1, 17",45.06719756126404
2,"1, 17",45.15856647491455
2,"1, 17",45.28653621673584
2,"1, 17",45.32937431335449
2,"1, 17",45.43247556686402
2,"1, 17",46.220701932907104
2,"1, 17",46.24321174621582
2,"1, 17",46.3956778049469
2,"1, 17",46.41679930686951
2,"1, 17",46.522844076156616
