Num_of_switch,IDs,Time
3,"1, 3, 18",40.05810785293579
3,"1, 3, 18",40.157223701477044
3,"1, 3, 18",40.246229887008674
3,"1, 3, 18",40.35279655456543
3,"1, 3, 18",40.4133620262146
3,"1, 3, 18",41.091738700866706
3,"1, 3, 18",41.098546028137214
3,"1, 3, 18",41.20514869689941
3,"1, 3, 18",41.237862825393684
3,"1, 3, 18",41.2729058265686
