Num_of_switch,IDs,Time
2,"1, 18",40.02663040161133
2,"1, 18",40.1001365184784
2,"1, 18",40.186540842056274
2,"1, 18",40.27255272865296
2,"1, 18",40.315303325653076
2,"1, 18",41.10845303535461
2,"1, 18",41.19357180595397
2,"1, 18",41.272935390472405
2,"1, 18",41.347817420959466
2,"1, 18",41.40195393562317
