Num_of_switch,IDs,Time
2,"1, 19",34.990656852722175
2,"1, 19",35.02868390083313
2,"1, 19",35.16753530502319
2,"1, 19",35.24655413627624
2,"1, 19",35.32121801376343
2,"1, 19",36.00284385681152
2,"1, 19",36.1673321723938
2,"1, 19",36.21146059036255
2,"1, 19",36.24011397361755
2,"1, 19",36.37136936187744
