Num_of_switch,IDs,Time
3,"1, 8, 20",29.97442626953125
3,"1, 8, 20",30.047667741775516
3,"1, 8, 20",30.24503207206726
3,"1, 8, 20",30.35303473472595
3,"1, 8, 20",30.42493033409119
3,"1, 8, 20",31.004672765731808
3,"1, 8, 20",31.14414882659912
3,"1, 8, 20",31.29640865325928
3,"1, 8, 20",31.443769693374637
3,"1, 8, 20",31.467094659805298
