Num_of_switch,IDs,Time
3,"1, 4, 20",29.974867820739746
3,"1, 4, 20",30.061974048614502
3,"1, 4, 20",30.173073291778564
3,"1, 4, 20",30.329491376876828
3,"1, 4, 20",30.38119101524353
3,"1, 4, 20",31.02617311477661
3,"1, 4, 20",31.060946941375732
3,"1, 4, 20",31.201030731201172
3,"1, 4, 20",31.36015224456787
3,"1, 4, 20",31.454128742218018
