Num_of_switch,IDs,Time
5,"1, 13, 19, 7, 21",24.93029260635376
5,"1, 13, 19, 7, 21",25.07002139091492
5,"1, 13, 19, 7, 21",25.301100015640262
5,"1, 13, 19, 7, 21",25.37467956542969
5,"1, 13, 19, 7, 21",25.4054536819458
5,"1, 13, 19, 7, 21",25.99310064315796
5,"1, 13, 19, 7, 21",26.12081789970398
5,"1, 13, 19, 7, 21",26.427040100097656
5,"1, 13, 19, 7, 21",26.458875894546512
5,"1, 13, 19, 7, 21",26.48500967025757
