Num_of_switch,IDs,Time
6,"1, 5, 2, 25, 11, 21",25.00591516494751
6,"1, 5, 2, 25, 11, 21",25.23171091079712
6,"1, 5, 2, 25, 11, 21",25.320669174194336
6,"1, 5, 2, 25, 11, 21",25.460444688797
6,"1, 5, 2, 25, 11, 21",25.538002490997314
6,"1, 5, 2, 25, 11, 21",26.094440937042236
6,"1, 5, 2, 25, 11, 21",26.22654414176941
6,"1, 5, 2, 25, 11, 21",26.442612171173096
6,"1, 5, 2, 25, 11, 21",26.504600763320926
6,"1, 5, 2, 25, 11, 21",26.54635787010193
