Num_of_switch,IDs,Time
4,"1, 4, 5, 21",24.99999475479126
4,"1, 4, 5, 21",25.105361461639404
4,"1, 4, 5, 21",25.29647755622864
4,"1, 4, 5, 21",25.34880352020264
4,"1, 4, 5, 21",25.40238356590271
4,"1, 4, 5, 21",26.03609347343445
4,"1, 4, 5, 21",26.102306127548214
4,"1, 4, 5, 21",26.260436534881592
4,"1, 4, 5, 21",26.317123889923096
4,"1, 4, 5, 21",26.409573316574097
