Num_of_switch,IDs,Time
3,"1, 10, 21",24.97024846076965
3,"1, 10, 21",25.01437258720398
3,"1, 10, 21",25.178785562515262
3,"1, 10, 21",25.224533796310425
3,"1, 10, 21",25.326606512069702
3,"1, 10, 21",26.023783922195435
3,"1, 10, 21",26.142160654067997
3,"1, 10, 21",26.21079158782959
3,"1, 10, 21",26.29657578468323
3,"1, 10, 21",26.405713081359863
