Num_of_switch,IDs,Time
3,"1, 2, 21",25.075470447540283
3,"1, 2, 21",25.146438360214233
3,"1, 2, 21",25.374449253082275
3,"1, 2, 21",25.41003894805908
3,"1, 2, 21",25.582814455032352
3,"1, 2, 21",26.30124092102051
3,"1, 2, 21",26.50804829597473
3,"1, 2, 21",26.55748677253723
3,"1, 2, 21",26.66016674041748
3,"1, 2, 21",26.780056476593018
