Num_of_switch,IDs,Time
4,"1, 3, 2, 21",25.00404024124145
4,"1, 3, 2, 21",25.15248012542725
4,"1, 3, 2, 21",25.264509201049805
4,"1, 3, 2, 21",25.363214015960693
4,"1, 3, 2, 21",25.44031286239624
4,"1, 3, 2, 21",26.02448654174805
4,"1, 3, 2, 21",26.16905689239502
4,"1, 3, 2, 21",26.278095245361328
4,"1, 3, 2, 21",26.42894816398621
4,"1, 3, 2, 21",26.4561550617218
