Num_of_switch,IDs,Time
2,"1, 22",19.882709741592407
2,"1, 22",19.92368197441101
2,"1, 22",20.09725069999695
2,"1, 22",20.240845203399655
2,"1, 22",20.318297386169434
2,"1, 22",20.93743062019348
2,"1, 22",20.97735023498535
2,"1, 22",21.055111408233646
2,"1, 22",21.13724398612976
2,"1, 22",21.181925296783447
