Num_of_switch,IDs,Time
3,"1, 18, 23",15.040754079818726
3,"1, 18, 23",15.244035720825195
3,"1, 18, 23",15.345523357391356
3,"1, 18, 23",15.449414014816284
3,"1, 18, 23",15.513268947601318
3,"1, 18, 23",16.310213327407837
3,"1, 18, 23",16.39465308189392
3,"1, 18, 23",16.5007221698761
3,"1, 18, 23",16.572367429733276
3,"1, 18, 23",16.635026216506958
