Num_of_switch,IDs,Time
3,"1, 8, 23",14.966285705566404
3,"1, 8, 23",15.023136615753176
3,"1, 8, 23",15.190956830978394
3,"1, 8, 23",15.306971073150635
3,"1, 8, 23",15.373853921890259
3,"1, 8, 23",16.08245038986206
3,"1, 8, 23",16.210334539413452
3,"1, 8, 23",16.365898370742798
3,"1, 8, 23",16.434694766998287
3,"1, 8, 23",16.525360345840454
