Num_of_switch,IDs,Time
2,"1, 24",9.93811845779419
2,"1, 24",9.957990646362305
2,"1, 24",10.146715641021727
2,"1, 24",10.18344497680664
2,"1, 24",10.2580246925354
2,"1, 24",10.993363380432127
2,"1, 24",11.12145447731018
2,"1, 24",11.25987982749939
2,"1, 24",11.315630197525024
2,"1, 24",11.343875885009766
