Num_of_switch,IDs,Time
3,"1, 4, 24",9.984103918075563
3,"1, 4, 24",10.055562973022461
3,"1, 4, 24",10.179086923599245
3,"1, 4, 24",10.251604080200195
3,"1, 4, 24",10.400088071823118
3,"1, 4, 24",10.959686279296877
3,"1, 4, 24",11.088355302810669
3,"1, 4, 24",11.169963836669922
3,"1, 4, 24",11.322992324829102
3,"1, 4, 24",11.395566940307617
