Num_of_switch,IDs,Time
3,"1, 3, 24",9.93422555923462
3,"1, 3, 24",10.115564823150637
3,"1, 3, 24",10.239738464355467
3,"1, 3, 24",10.331082820892334
3,"1, 3, 24",10.427519083023073
3,"1, 3, 24",11.013621091842651
3,"1, 3, 24",11.130410194396973
3,"1, 3, 24",11.329317331314087
3,"1, 3, 24",11.373929977416992
3,"1, 3, 24",11.425285577774048
