Num_of_switch,IDs,Time
3,"1, 13, 24",9.898926496505736
3,"1, 13, 24",9.929009914398193
3,"1, 13, 24",10.06671953201294
3,"1, 13, 24",10.153905153274538
3,"1, 13, 24",10.22417688369751
3,"1, 13, 24",10.930138111114502
3,"1, 13, 24",11.018007278442383
3,"1, 13, 24",11.158419132232666
3,"1, 13, 24",11.221510171890259
3,"1, 13, 24",11.33153748512268
