Num_of_switch,IDs,Time
5,"1, 5, 2, 25, 6",100.24968004226685
5,"1, 5, 2, 25, 6",100.33040833473206
5,"1, 5, 2, 25, 6",100.43724274635315
5,"1, 5, 2, 25, 6",100.53895044326781
5,"1, 5, 2, 25, 6",100.63299107551576
5,"1, 5, 2, 25, 6",101.28095626831056
5,"1, 5, 2, 25, 6",101.3737485408783
5,"1, 5, 2, 25, 6",101.6010239124298
5,"1, 5, 2, 25, 6",101.66903495788574
5,"1, 5, 2, 25, 6",101.687997341156
