Num_of_switch,IDs,Time
3,"1, 9, 7",95.26315808296205
3,"1, 9, 7",95.34676861763
3,"1, 9, 7",95.44031167030334
3,"1, 9, 7",95.54447984695436
3,"1, 9, 7",95.61447596549988
3,"1, 9, 7",96.34323644638063
3,"1, 9, 7",96.43198227882385
3,"1, 9, 7",96.49153876304626
3,"1, 9, 7",96.63210725784302
3,"1, 9, 7",96.73863172531128
