Num_of_switch,IDs,Time
3,"1, 3, 8",90.24452090263368
3,"1, 3, 8",90.33025670051576
3,"1, 3, 8",90.43658995628357
3,"1, 3, 8",90.50793671607971
3,"1, 3, 8",90.57699489593506
3,"1, 3, 8",91.27139210700987
3,"1, 3, 8",91.29550051689148
3,"1, 3, 8",91.44957542419434
3,"1, 3, 8",91.52804112434387
3,"1, 3, 8",91.60608768463135
