Num_of_switch,IDs,Time
5,"1, 21, 20, 3, 8",90.19206857681273
5,"1, 21, 20, 3, 8",90.42768931388856
5,"1, 21, 20, 3, 8",90.50530338287355
5,"1, 21, 20, 3, 8",90.56462335586548
5,"1, 21, 20, 3, 8",90.60765099525452
5,"1, 21, 20, 3, 8",91.33024430274963
5,"1, 21, 20, 3, 8",91.43448185920715
5,"1, 21, 20, 3, 8",91.56976699829102
5,"1, 21, 20, 3, 8",91.65250444412231
5,"1, 21, 20, 3, 8",91.71078848838806
