Num_of_switch,IDs,Time
4,"1, 20, 3, 9",85.19142818450928
4,"1, 20, 3, 9",85.21465468406676
4,"1, 20, 3, 9",85.25584411621094
4,"1, 20, 3, 9",85.33975100517274
4,"1, 20, 3, 9",85.43382000923155
4,"1, 20, 3, 9",86.21401715278625
4,"1, 20, 3, 9",86.23286843299866
4,"1, 20, 3, 9",86.45391893386841
4,"1, 20, 3, 9",86.49853181838989
4,"1, 20, 3, 9",86.54924488067627
