Num_of_switch,IDs,Time
2,"1, 9",85.1767954826355
2,"1, 9",85.26688432693481
2,"1, 9",85.43361067771913
2,"1, 9",85.5311131477356
2,"1, 9",85.57835841178894
2,"1, 9",86.27019667625427
2,"1, 9",86.35390257835388
2,"1, 9",86.4126250743866
2,"1, 9",86.49225544929504
2,"1, 9",86.53031182289124
