Num_of_switch,IDs,Time
3,"1, 16, 10",44.09204339981079
3,"1, 16, 10",44.15934729576111
3,"1, 16, 10",44.22177863121033
3,"1, 16, 10",44.256495714187615
3,"1, 16, 10",44.2660026550293
3,"1, 16, 10",45.17565178871155
3,"1, 16, 10",45.18414306640625
3,"1, 16, 10",45.27831721305847
3,"1, 16, 10",45.48313355445862
3,"1, 16, 10",45.50411653518677
