Num_of_switch,IDs,Time
3,"1, 11, 10",44.206443071365356
3,"1, 11, 10",44.277732372283936
3,"1, 11, 10",44.441341161727905
3,"1, 11, 10",44.5095362663269
3,"1, 11, 10",44.52924132347107
3,"1, 11, 10",45.267043828964226
3,"1, 11, 10",45.39735984802246
3,"1, 11, 10",45.48715853691101
3,"1, 11, 10",45.54025363922119
3,"1, 11, 10",45.577733278274536
