Num_of_switch,IDs,Time
2,"1, 11",42.13415145874024
2,"1, 11",42.212037563323975
2,"1, 11",42.339598894119256
2,"1, 11",42.40120553970337
2,"1, 11",42.46280574798585
2,"1, 11",43.194409608840935
2,"1, 11",43.20861291885376
2,"1, 11",43.35517907142639
2,"1, 11",43.40797019004822
2,"1, 11",43.493605613708496
