Num_of_switch,IDs,Time
4,"1, 17, 5, 11",42.13596200942993
4,"1, 17, 5, 11",42.280189990997314
4,"1, 17, 5, 11",42.473690748214715
4,"1, 17, 5, 11",42.596854448318474
4,"1, 17, 5, 11",42.61577677726745
4,"1, 17, 5, 11",43.33027243614197
4,"1, 17, 5, 11",43.39575719833374
4,"1, 17, 5, 11",43.49121880531311
4,"1, 17, 5, 11",43.608338594436646
4,"1, 17, 5, 11",43.66766428947449
