Num_of_switch,IDs,Time
4,"1, 12, 16, 11",42.180573225021355
4,"1, 12, 16, 11",42.3126482963562
4,"1, 12, 16, 11",42.4416081905365
4,"1, 12, 16, 11",42.50937938690185
4,"1, 12, 16, 11",42.6067042350769
4,"1, 12, 16, 11",43.25893926620483
4,"1, 12, 16, 11",43.35983467102051
4,"1, 12, 16, 11",43.470885515213006
4,"1, 12, 16, 11",43.54636549949646
4,"1, 12, 16, 11",43.604114055633545
