Num_of_switch,IDs,Time
3,"1, 5, 12",40.19769835472107
3,"1, 5, 12",40.34328937530517
3,"1, 5, 12",40.46008563041686
3,"1, 5, 12",40.54715991020202
3,"1, 5, 12",40.657142877578735
3,"1, 5, 12",41.30182409286499
3,"1, 5, 12",41.463421821594245
3,"1, 5, 12",41.468061208724976
3,"1, 5, 12",41.54100966453552
3,"1, 5, 12",41.59768986701965
