Num_of_switch,IDs,Time
2,"1, 12",40.15973424911499
2,"1, 12",40.294870138168335
2,"1, 12",40.420086145401
2,"1, 12",40.484496355056756
2,"1, 12",40.54571652412415
2,"1, 12",41.33550453186035
2,"1, 12",41.36609125137329
2,"1, 12",41.469624042510986
2,"1, 12",41.52941250801087
2,"1, 12",41.617616176605225
