Num_of_switch,IDs,Time
2,"1, 13",38.16274094581604
2,"1, 13",38.20899558067322
2,"1, 13",38.29246115684509
2,"1, 13",38.41722536087036
2,"1, 13",38.436509370803826
2,"1, 13",39.164525508880615
2,"1, 13",39.18537449836732
2,"1, 13",39.288785696029656
2,"1, 13",39.33213472366333
2,"1, 13",39.404576539993286
