Num_of_switch,IDs,Time
5,"1, 5, 7, 19, 13",38.14306426048279
5,"1, 5, 7, 19, 13",38.363020896911614
5,"1, 5, 7, 19, 13",38.37851881980896
5,"1, 5, 7, 19, 13",38.41569209098815
5,"1, 5, 7, 19, 13",38.469687938690186
5,"1, 5, 7, 19, 13",39.194399833679206
5,"1, 5, 7, 19, 13",39.37584352493286
5,"1, 5, 7, 19, 13",39.38818621635436
5,"1, 5, 7, 19, 13",39.439837455749505
5,"1, 5, 7, 19, 13",39.55303359031677
