Num_of_switch,IDs,Time
3,"1, 29, 14",36.132697582244866
3,"1, 29, 14",36.277199268341064
3,"1, 29, 14",36.38177156448364
3,"1, 29, 14",36.42900466918945
3,"1, 29, 14",36.487690448760986
3,"1, 29, 14",37.276350259780884
3,"1, 29, 14",37.331616640090935
3,"1, 29, 14",37.4122576713562
3,"1, 29, 14",37.45192980766296
3,"1, 29, 14",37.507638692855835
