Num_of_switch,IDs,Time
3,"1, 12, 14",36.13164234161378
3,"1, 12, 14",36.18417477607728
3,"1, 12, 14",36.33955454826354
3,"1, 12, 14",36.38752341270447
3,"1, 12, 14",36.44948983192444
3,"1, 12, 14",37.20252108573913
3,"1, 12, 14",37.272395133972175
3,"1, 12, 14",37.36879611015321
3,"1, 12, 14",37.43386340141296
3,"1, 12, 14",37.48190689086914
