Num_of_switch,IDs,Time
3,"1, 11, 15",34.09749436378479
3,"1, 11, 15",34.21951794624329
3,"1, 11, 15",34.37857794761658
3,"1, 11, 15",34.44658088684082
3,"1, 11, 15",34.49141931533813
3,"1, 11, 15",35.16237020492554
3,"1, 11, 15",35.310290098190315
3,"1, 11, 15",35.36815428733826
3,"1, 11, 15",35.440141677856445
3,"1, 11, 15",35.54609799385071
