Num_of_switch,IDs,Time
2,"1, 15",34.04770851135254
2,"1, 15",34.11449193954468
2,"1, 15",34.20549464225769
2,"1, 15",34.31194353103638
2,"1, 15",34.321669340133674
2,"1, 15",35.070374727249146
2,"1, 15",35.09740924835205
2,"1, 15",35.18272066116333
2,"1, 15",35.25932264328003
2,"1, 15",35.32637691497803
