Num_of_switch,IDs,Time
2,"1, 16",32.05149793624878
2,"1, 16",32.143946170806885
2,"1, 16",32.21605443954468
2,"1, 16",32.221026182174676
2,"1, 16",32.31709885597229
2,"1, 16",33.213178634643555
2,"1, 16",33.433093547821045
2,"1, 16",33.44322824478149
2,"1, 16",33.52555632591248
2,"1, 16",33.596402406692505
