Num_of_switch,IDs,Time
2,"1, 17",30.17162132263184
2,"1, 17",30.246173620224
2,"1, 17",30.35352444648743
2,"1, 17",30.52394962310791
2,"1, 17",30.552369832992554
2,"1, 17",31.161052465438843
2,"1, 17",31.22587919235229
2,"1, 17",31.29337739944458
2,"1, 17",31.38707971572876
2,"1, 17",31.42386269569397
