Num_of_switch,IDs,Time
3,"1, 3, 18",28.095893383026123
3,"1, 3, 18",28.15931034088135
3,"1, 3, 18",28.34280514717102
3,"1, 3, 18",28.436472654342648
3,"1, 3, 18",28.515655279159546
3,"1, 3, 18",29.14921569824219
3,"1, 3, 18",29.17723298072815
3,"1, 3, 18",29.280847787857056
3,"1, 3, 18",29.300639152526852
3,"1, 3, 18",29.362841606140137
