Num_of_switch,IDs,Time
3,"1, 21, 19",25.89452433586121
3,"1, 21, 19",26.041864156723022
3,"1, 21, 19",26.163419246673584
3,"1, 21, 19",26.21475863456726
3,"1, 21, 19",26.317124605178837
3,"1, 21, 19",26.99131155014038
3,"1, 21, 19",27.007882833480835
3,"1, 21, 19",27.11860060691833
3,"1, 21, 19",27.164345026016235
3,"1, 21, 19",27.230817794799805
