Num_of_switch,IDs,Time
3,"1, 13, 19",26.0748610496521
3,"1, 13, 19",26.36810874938965
3,"1, 13, 19",26.456695079803467
3,"1, 13, 19",26.49993205070496
3,"1, 13, 19",26.5216805934906
3,"1, 13, 19",27.116809606552124
3,"1, 13, 19",27.16622829437256
3,"1, 13, 19",27.298402309417725
3,"1, 13, 19",27.351145505905148
3,"1, 13, 19",27.361751794815063
