Num_of_switch,IDs,Time
4,"1, 18, 3, 2",60.48193955421448
4,"1, 18, 3, 2",60.61843943595886
4,"1, 18, 3, 2",60.71588253974914
4,"1, 18, 3, 2",60.7554075717926
4,"1, 18, 3, 2",60.83209419250488
4,"1, 18, 3, 2",61.45483660697937
4,"1, 18, 3, 2",61.704999685287476
4,"1, 18, 3, 2",61.738267183303826
4,"1, 18, 3, 2",61.78236699104309
4,"1, 18, 3, 2",61.797027587890625
