Num_of_switch,IDs,Time
2,"1, 20",24.01708126068115
2,"1, 20",24.1035680770874
2,"1, 20",24.16555595397949
2,"1, 20",24.227352380752567
2,"1, 20",24.283872365951535
2,"1, 20",25.16957378387451
2,"1, 20",25.28559446334839
2,"1, 20",25.33900666236877
2,"1, 20",25.38988208770752
2,"1, 20",25.497547149658203
