Num_of_switch,IDs,Time
3,"1, 11, 20",24.106060028076172
3,"1, 11, 20",24.13535499572754
3,"1, 11, 20",24.32273817062378
3,"1, 11, 20",24.39565372467041
3,"1, 11, 20",24.457468748092648
3,"1, 11, 20",25.128387212753296
3,"1, 11, 20",25.18264198303223
3,"1, 11, 20",25.278289794921875
3,"1, 11, 20",25.375408411026
3,"1, 11, 20",25.446582794189453
