Num_of_switch,IDs,Time
3,"1, 11, 21",22.093109607696533
3,"1, 11, 21",22.19096255302429
3,"1, 11, 21",22.427501440048214
3,"1, 11, 21",22.45636510848999
3,"1, 11, 21",22.525990724563602
3,"1, 11, 21",23.1318519115448
3,"1, 11, 21",23.160611867904663
3,"1, 11, 21",23.28243637084961
3,"1, 11, 21",23.34742760658264
3,"1, 11, 21",23.415332555770874
