Num_of_switch,IDs,Time
2,"1, 21",22.096638441085812
2,"1, 21",22.13342022895813
2,"1, 21",22.20293641090393
2,"1, 21",22.233084678649906
2,"1, 21",22.25148057937622
2,"1, 21",23.12614393234253
2,"1, 21",23.15448117256165
2,"1, 21",23.27305579185486
2,"1, 21",23.28169369697571
2,"1, 21",23.308053970336914
