Num_of_switch,IDs,Time
2,"1, 22",20.020299673080444
2,"1, 22",20.218561649322513
2,"1, 22",20.27569556236267
2,"1, 22",20.31163334846497
2,"1, 22",20.351603746414185
2,"1, 22",21.169947385787964
2,"1, 22",21.201904296875
2,"1, 22",21.264268636703488
2,"1, 22",21.32088780403137
2,"1, 22",21.341864347457886
