Num_of_switch,IDs,Time
3,"1, 12, 22",19.99845695495605
3,"1, 12, 22",20.05449938774109
3,"1, 12, 22",20.154443502426147
3,"1, 12, 22",20.260047197341922
3,"1, 12, 22",20.28919243812561
3,"1, 12, 22",21.081064462661747
3,"1, 12, 22",21.13211727142334
3,"1, 12, 22",21.24081945419311
3,"1, 12, 22",21.296494483947754
3,"1, 12, 22",21.37994074821472
