Num_of_switch,IDs,Time
4,"1, 29, 6, 22",20.07394909858704
4,"1, 29, 6, 22",20.250792264938354
4,"1, 29, 6, 22",20.334834814071648
4,"1, 29, 6, 22",20.434185504913327
4,"1, 29, 6, 22",20.501026391983032
4,"1, 29, 6, 22",21.103965997695926
4,"1, 29, 6, 22",21.15674853324889
4,"1, 29, 6, 22",21.31384563446045
4,"1, 29, 6, 22",21.4176561832428
4,"1, 29, 6, 22",21.43769383430481
