Num_of_switch,IDs,Time
2,"1, 22",20.19394159317017
2,"1, 22",20.201571464538574
2,"1, 22",20.286973714828488
2,"1, 22",20.420475959777832
2,"1, 22",20.507415294647213
2,"1, 22",21.146749019622806
2,"1, 22",21.22225451469421
2,"1, 22",21.276711940765377
2,"1, 22",21.31495451927185
2,"1, 22",21.390969276428223
