Num_of_switch,IDs,Time
2,"1, 23",17.974845409393307
2,"1, 23",17.999049186706547
2,"1, 23",18.21563005447388
2,"1, 23",18.3381986618042
2,"1, 23",18.356122493743893
2,"1, 23",19.015524387359623
2,"1, 23",19.020705223083496
2,"1, 23",19.0246741771698
2,"1, 23",19.160569906234738
2,"1, 23",19.23914408683777
