Num_of_switch,IDs,Time
4,"1, 17, 5, 23",18.045187473297123
4,"1, 17, 5, 23",18.17570400238037
4,"1, 17, 5, 23",18.378968715667728
4,"1, 17, 5, 23",18.460765838623047
4,"1, 17, 5, 23",18.487354755401608
4,"1, 17, 5, 23",19.208043098449707
4,"1, 17, 5, 23",19.35173177719116
4,"1, 17, 5, 23",19.398217916488647
4,"1, 17, 5, 23",19.502207040786747
4,"1, 17, 5, 23",19.55788016319275
