Num_of_switch,IDs,Time
4,"1, 5, 7, 23",18.01578426361084
4,"1, 5, 7, 23",18.245643615722656
4,"1, 5, 7, 23",18.31053376197815
4,"1, 5, 7, 23",18.35502552986145
4,"1, 5, 7, 23",18.415037870407104
4,"1, 5, 7, 23",19.070419549942017
4,"1, 5, 7, 23",19.307833671569824
4,"1, 5, 7, 23",19.32049131393433
4,"1, 5, 7, 23",19.351380586624146
4,"1, 5, 7, 23",19.405884981155396
