Num_of_switch,IDs,Time
2,"1, 23",18.070712089538574
2,"1, 23",18.1824791431427
2,"1, 23",18.262399673461914
2,"1, 23",18.368412017822266
2,"1, 23",18.391339540481567
2,"1, 23",19.084615230560306
2,"1, 23",19.11475157737732
2,"1, 23",19.246230602264408
2,"1, 23",19.298311710357662
2,"1, 23",19.341099739074707
