Num_of_switch,IDs,Time
3,"1, 16, 24",16.0117506980896
3,"1, 16, 24",16.085723400115967
3,"1, 16, 24",16.108159065246582
3,"1, 16, 24",16.20087718963623
3,"1, 16, 24",16.232157468795776
3,"1, 16, 24",17.080955028533936
3,"1, 16, 24",17.11447834968567
3,"1, 16, 24",17.246678113937378
3,"1, 16, 24",17.3335063457489
3,"1, 16, 24",17.371894121170044
