Num_of_switch,IDs,Time
2,"1, 24",15.904949188232422
2,"1, 24",16.02688980102539
2,"1, 24",16.07617974281311
2,"1, 24",16.1945321559906
2,"1, 24",16.354949474334713
2,"1, 24",17.103023290634155
2,"1, 24",17.170580863952633
2,"1, 24",17.21566891670227
2,"1, 24",17.264500856399536
2,"1, 24",17.28140377998352
