Num_of_switch,IDs,Time
3,"1, 21, 25",13.780015707015991
3,"1, 21, 25",13.938900470733644
3,"1, 21, 25",13.989634037017822
3,"1, 21, 25",14.114521265029907
3,"1, 21, 25",14.191904783248901
3,"1, 21, 25",14.830527782440186
3,"1, 21, 25",14.977880954742432
3,"1, 21, 25",15.009893417358398
3,"1, 21, 25",15.123154163360596
3,"1, 21, 25",15.157945394515991
