Num_of_switch,IDs,Time
4,"1, 5, 7, 25",13.990316390991213
4,"1, 5, 7, 25",14.339600324630736
4,"1, 5, 7, 25",14.374256134033205
4,"1, 5, 7, 25",14.404859781265259
4,"1, 5, 7, 25",14.42781925201416
4,"1, 5, 7, 25",15.054156064987184
4,"1, 5, 7, 25",15.273885250091553
4,"1, 5, 7, 25",15.28242564201355
4,"1, 5, 7, 25",15.315358877182007
4,"1, 5, 7, 25",15.368601083755493
