Num_of_switch,IDs,Time
2,"1, 27",9.981883764266966
2,"1, 27",10.030004024505617
2,"1, 27",10.217374563217165
2,"1, 27",10.253097534179688
2,"1, 27",10.279346942901613
2,"1, 27",10.97761583328247
2,"1, 27",11.027229309082033
2,"1, 27",11.08759355545044
2,"1, 27",11.148774862289429
2,"1, 27",11.174874305725098
