Num_of_switch,IDs,Time
2,"1, 27",10.036967992782591
2,"1, 27",10.145706892013552
2,"1, 27",10.303874254226683
2,"1, 27",10.325712442398073
2,"1, 27",10.339789867401123
2,"1, 27",11.031060695648193
2,"1, 27",11.072651863098145
2,"1, 27",11.219815492630005
2,"1, 27",11.237324714660645
2,"1, 27",11.250969409942627
