Num_of_switch,IDs,Time
3,"1, 12, 3",58.37386608123779
3,"1, 12, 3",58.4287748336792
3,"1, 12, 3",58.588139295578
3,"1, 12, 3",58.62522292137146
3,"1, 12, 3",58.65527987480164
3,"1, 12, 3",59.31522989273071
3,"1, 12, 3",59.36613130569458
3,"1, 12, 3",59.429124355316155
3,"1, 12, 3",59.498286724090576
3,"1, 12, 3",59.533437728881836
