Num_of_switch,IDs,Time
4,"1, 30, 21, 3",58.2441577911377
4,"1, 30, 21, 3",58.34610366821289
4,"1, 30, 21, 3",58.57825303077698
4,"1, 30, 21, 3",58.606390714645386
4,"1, 30, 21, 3",58.69016671180725
4,"1, 30, 21, 3",59.313138246536255
4,"1, 30, 21, 3",59.36414933204651
4,"1, 30, 21, 3",59.42691206932068
4,"1, 30, 21, 3",59.49703979492188
4,"1, 30, 21, 3",59.63127112388611
