Num_of_switch,IDs,Time
3,"1, 23, 30",4.02708911895752
3,"1, 23, 30",4.1176254749298105
3,"1, 23, 30",4.252875804901123
3,"1, 23, 30",4.303722381591797
3,"1, 23, 30",4.309889316558838
3,"1, 23, 30",5.129664897918701
3,"1, 23, 30",5.243342876434326
3,"1, 23, 30",5.255029201507568
3,"1, 23, 30",5.342975616455078
3,"1, 23, 30",5.405637979507446
