Num_of_switch,IDs,Time
4,"1, 11, 15, 4",56.292927742004395
4,"1, 11, 15, 4",56.39117980003357
4,"1, 11, 15, 4",56.598787546157844
4,"1, 11, 15, 4",56.668701171875
4,"1, 11, 15, 4",56.691261768341064
4,"1, 11, 15, 4",57.355122566223145
4,"1, 11, 15, 4",57.482552289962776
4,"1, 11, 15, 4",57.534995555877686
4,"1, 11, 15, 4",57.54236698150635
4,"1, 11, 15, 4",57.72355771064758
