Num_of_switch,IDs,Time
3,"1, 29, 4",56.31530714035034
3,"1, 29, 4",56.39818286895752
3,"1, 29, 4",56.50456285476685
3,"1, 29, 4",56.69952249526978
3,"1, 29, 4",56.73599100112915
3,"1, 29, 4",57.45674681663513
3,"1, 29, 4",57.52996563911438
3,"1, 29, 4",57.60832810401917
3,"1, 29, 4",57.68868827819824
3,"1, 29, 4",57.80954599380493
