Num_of_switch,IDs,Time
2,"1, 5",54.32864928245544
2,"1, 5",54.35908961296082
2,"1, 5",54.45148682594299
2,"1, 5",54.54790496826172
2,"1, 5",54.629991054534905
2,"1, 5",55.33784818649292
2,"1, 5",55.4219012260437
2,"1, 5",55.461261510849
2,"1, 5",55.506150484085076
2,"1, 5",55.591395139694214
