Num_of_switch,IDs,Time
3,"1, 17, 5",54.21200156211853
3,"1, 17, 5",54.35347175598145
3,"1, 17, 5",54.47186160087586
3,"1, 17, 5",54.51003885269165
3,"1, 17, 5",54.540413618087776
3,"1, 17, 5",55.39917159080506
3,"1, 17, 5",55.46252489089966
3,"1, 17, 5",55.55636787414551
3,"1, 17, 5",55.669949293136604
3,"1, 17, 5",55.72084593772888
