Num_of_switch,IDs,Time
3,"1, 17, 5",54.31193470954895
3,"1, 17, 5",54.358716249465935
3,"1, 17, 5",54.49531269073486
3,"1, 17, 5",54.65923142433167
3,"1, 17, 5",54.707219362258904
3,"1, 17, 5",55.3668441772461
3,"1, 17, 5",55.40974187850952
3,"1, 17, 5",55.56626534461975
3,"1, 17, 5",55.609619855880744
3,"1, 17, 5",55.637107372283936
