Num_of_switch,IDs,Time
2,"1, 6",52.21341633796692
2,"1, 6",52.23188781738281
2,"1, 6",52.269264936447144
2,"1, 6",52.50450849533081
2,"1, 6",52.52582716941834
2,"1, 6",53.25946044921875
2,"1, 6",53.35817241668701
2,"1, 6",53.37596011161804
2,"1, 6",53.395503759384155
2,"1, 6",53.42389750480652
