Num_of_switch,IDs,Time
4,"1, 16, 11, 6",52.21512222290039
4,"1, 16, 11, 6",52.360329866409295
4,"1, 16, 11, 6",52.40227627754211
4,"1, 16, 11, 6",52.472750902175896
4,"1, 16, 11, 6",52.59064817428589
4,"1, 16, 11, 6",53.29182004928589
4,"1, 16, 11, 6",53.3459632396698
4,"1, 16, 11, 6",53.4665048122406
4,"1, 16, 11, 6",53.52901840209961
4,"1, 16, 11, 6",53.56493592262268
