Num_of_switch,IDs,Time
4,"1, 18, 28, 7",50.2380268573761
4,"1, 18, 28, 7",50.27630138397217
4,"1, 18, 28, 7",50.468525648117065
4,"1, 18, 28, 7",50.49608254432678
4,"1, 18, 28, 7",50.53631830215454
4,"1, 18, 28, 7",51.332980394363396
4,"1, 18, 28, 7",51.35060930252075
4,"1, 18, 28, 7",51.453599452972405
4,"1, 18, 28, 7",51.51171541213989
4,"1, 18, 28, 7",51.5493643283844
