Num_of_switch,IDs,Time
4,"1, 8, 30, 7",50.15627861022949
4,"1, 8, 30, 7",50.323073387145996
4,"1, 8, 30, 7",50.49106311798096
4,"1, 8, 30, 7",50.54902958869934
4,"1, 8, 30, 7",50.62692975997925
4,"1, 8, 30, 7",51.22767424583435
4,"1, 8, 30, 7",51.32820463180542
4,"1, 8, 30, 7",51.511226177215576
4,"1, 8, 30, 7",51.55060410499573
4,"1, 8, 30, 7",51.56069588661194
