Num_of_switch,IDs,Time
3,"1, 17, 8",48.31196188926697
3,"1, 17, 8",48.37064027786255
3,"1, 17, 8",48.510647296905525
3,"1, 17, 8",48.670783519744866
3,"1, 17, 8",48.70665740966797
3,"1, 17, 8",49.34119462966919
3,"1, 17, 8",49.39300394058228
3,"1, 17, 8",49.49776315689087
3,"1, 17, 8",49.607550859451294
3,"1, 17, 8",49.655526638031006
