Num_of_switch,IDs,Time
5,"1, 12, 5, 18, 8",48.28244614601135
5,"1, 12, 5, 18, 8",48.534933805465705
5,"1, 12, 5, 18, 8",48.652077436447144
5,"1, 12, 5, 18, 8",48.69724535942078
5,"1, 12, 5, 18, 8",48.76570701599121
5,"1, 12, 5, 18, 8",49.47459840774536
5,"1, 12, 5, 18, 8",49.53241324424744
5,"1, 12, 5, 18, 8",49.61887288093567
5,"1, 12, 5, 18, 8",49.6315803527832
5,"1, 12, 5, 18, 8",49.66165208816528
