Num_of_switch,IDs,Time
2,"1, 8",48.147141695022576
2,"1, 8",48.182875871658325
2,"1, 8",48.338168382644646
2,"1, 8",48.390119314193726
2,"1, 8",48.4423463344574
2,"1, 8",49.18088388442993
2,"1, 8",49.188616037368774
2,"1, 8",49.30607962608338
2,"1, 8",49.384504079818726
2,"1, 8",49.41035056114197
