Num_of_switch,IDs,Time
4,"1, 16, 11, 8",48.260286569595344
4,"1, 16, 11, 8",48.492823839187615
4,"1, 16, 11, 8",48.499960660934455
4,"1, 16, 11, 8",48.531460762023926
4,"1, 16, 11, 8",48.58089566230774
4,"1, 16, 11, 8",49.29234480857849
4,"1, 16, 11, 8",49.36966562271118
4,"1, 16, 11, 8",49.420329332351685
4,"1, 16, 11, 8",49.55719375610352
4,"1, 16, 11, 8",49.56947040557861
