Num_of_switch,IDs,Time
4,"1, 6, 9, 2",44.32682394981384
4,"1, 6, 9, 2",44.34196090698242
4,"1, 6, 9, 2",44.37219262123108
4,"1, 6, 9, 2",44.39651298522949
4,"1, 6, 9, 2",44.422146320343025
4,"1, 6, 9, 2",45.356065273284905
4,"1, 6, 9, 2",45.38464331626892
4,"1, 6, 9, 2",45.40924835205078
4,"1, 6, 9, 2",45.43496870994568
4,"1, 6, 9, 2",45.458110094070435
