Num_of_switch,IDs,Time
2,"1, 2",45.0181622505188
2,"1, 2",45.03442907333374
2,"1, 2",45.047499179840095
2,"1, 2",45.05963468551636
2,"1, 2",45.07705545425415
2,"1, 2",46.11064338684082
2,"1, 2",46.12657737731934
2,"1, 2",46.14271688461304
2,"1, 2",46.18429040908814
2,"1, 2",46.19109010696411
