Num_of_switch,IDs,Time
3,"1, 10, 2",45.00497364997864
3,"1, 10, 2",45.01545214653015
3,"1, 10, 2",45.08204650878906
3,"1, 10, 2",45.09496927261353
3,"1, 10, 2",45.11317253112793
3,"1, 10, 2",46.05753540992737
3,"1, 10, 2",46.08141040802002
3,"1, 10, 2",46.11582207679749
3,"1, 10, 2",46.130738258361816
3,"1, 10, 2",46.140387773513794
