Num_of_switch,IDs,Time
3,"1, 4, 3",39.98591661453247
3,"1, 4, 3",40.01441359519959
3,"1, 4, 3",40.05168867111206
3,"1, 4, 3",40.071691036224365
3,"1, 4, 3",40.088297367095954
3,"1, 4, 3",41.0279152393341
3,"1, 4, 3",41.033425569534295
3,"1, 4, 3",41.03980946540833
3,"1, 4, 3",41.07927370071411
3,"1, 4, 3",41.11287021636963
