Num_of_switch,IDs,Time
3,"1, 6, 4",35.051222801208496
3,"1, 6, 4",35.0566246509552
3,"1, 6, 4",35.094729661941535
3,"1, 6, 4",35.11248016357422
3,"1, 6, 4",35.1387505531311
3,"1, 6, 4",36.21258664131165
3,"1, 6, 4",36.2202033996582
3,"1, 6, 4",36.25744605064392
3,"1, 6, 4",36.291804790496826
3,"1, 6, 4",36.31354880332947
