Num_of_switch,IDs,Time
3,"1, 10, 4",34.976155042648315
3,"1, 10, 4",34.995415687561035
3,"1, 10, 4",35.05560064315796
3,"1, 10, 4",35.076292037963874
3,"1, 10, 4",35.090458154678345
3,"1, 10, 4",36.033110857009895
3,"1, 10, 4",36.06629467010497
3,"1, 10, 4",36.09562754631042
3,"1, 10, 4",36.123240232467644
3,"1, 10, 4",36.142706632614136
