Num_of_switch,IDs,Time
2,"1, 4",35.055410861968994
2,"1, 4",35.065434217452996
2,"1, 4",35.103732824325554
2,"1, 4",35.123365640640266
2,"1, 4",35.13887906074524
2,"1, 4",36.08856558799744
2,"1, 4",36.12288522720337
2,"1, 4",36.12823390960693
2,"1, 4",36.1601800918579
2,"1, 4",36.179195404052734
