Num_of_switch,IDs,Time
2,"1, 4",34.933144569396966
2,"1, 4",34.948431253433235
2,"1, 4",34.9911048412323
2,"1, 4",35.028561353683465
2,"1, 4",35.034074068069465
2,"1, 4",35.98691201210022
2,"1, 4",36.01000881195069
2,"1, 4",36.06287169456482
2,"1, 4",36.07767152786255
2,"1, 4",36.09863305091858
