Num_of_switch,IDs,Time
3,"1, 6, 5",29.92837691307068
3,"1, 6, 5",29.951168537139893
3,"1, 6, 5",29.98393559455872
3,"1, 6, 5",30.010578870773315
3,"1, 6, 5",30.01826763153076
3,"1, 6, 5",30.97879123687744
3,"1, 6, 5",30.987645626068115
3,"1, 6, 5",31.000064611434933
3,"1, 6, 5",31.022593021392822
3,"1, 6, 5",31.04131317138672
