Num_of_switch,IDs,Time
3,"1, 7, 5",29.99873161315918
3,"1, 7, 5",30.00993824005127
3,"1, 7, 5",30.045894861221317
3,"1, 7, 5",30.0715115070343
3,"1, 7, 5",30.080881595611572
3,"1, 7, 5",31.072681427001953
3,"1, 7, 5",31.08382558822632
3,"1, 7, 5",31.12088680267334
3,"1, 7, 5",31.14147758483887
3,"1, 7, 5",31.150091648101807
