Num_of_switch,IDs,Time
4,"1, 10, 2, 6",24.94273114204407
4,"1, 10, 2, 6",24.94939994812012
4,"1, 10, 2, 6",25.001319169998172
4,"1, 10, 2, 6",25.018707752227783
4,"1, 10, 2, 6",25.028696298599247
4,"1, 10, 2, 6",25.99190449714661
4,"1, 10, 2, 6",26.018370389938354
4,"1, 10, 2, 6",26.03036069869995
4,"1, 10, 2, 6",26.048038959503174
4,"1, 10, 2, 6",26.078096866607666
