Num_of_switch,IDs,Time
4,"1, 8, 10, 7",19.89699077606201
4,"1, 8, 10, 7",19.903476476669308
4,"1, 8, 10, 7",19.93956804275513
4,"1, 8, 10, 7",19.959914207458496
4,"1, 8, 10, 7",19.97850012779236
4,"1, 8, 10, 7",20.950154304504395
4,"1, 8, 10, 7",20.97618579864502
4,"1, 8, 10, 7",21.00155568122864
4,"1, 8, 10, 7",21.02530312538147
4,"1, 8, 10, 7",21.041706323623657
