Num_of_switch,IDs,Time
2,"1, 7",19.901856899261478
2,"1, 7",19.906419515609734
2,"1, 7",19.91518497467041
2,"1, 7",19.94577622413636
2,"1, 7",19.961042165756226
2,"1, 7",20.97702527046204
2,"1, 7",20.989548444747925
2,"1, 7",20.994780778884888
2,"1, 7",21.004911184310913
2,"1, 7",21.048192262649536
