Num_of_switch,IDs,Time
5,"1, 10, 4, 9, 8",14.93361496925354
5,"1, 10, 4, 9, 8",14.942428350448608
5,"1, 10, 4, 9, 8",14.963472843170164
5,"1, 10, 4, 9, 8",14.990902662277222
5,"1, 10, 4, 9, 8",15.004508972167967
5,"1, 10, 4, 9, 8",15.983873128890991
5,"1, 10, 4, 9, 8",16.001787662506107
5,"1, 10, 4, 9, 8",16.027066707611088
5,"1, 10, 4, 9, 8",16.055901050567627
5,"1, 10, 4, 9, 8",16.06624937057495
