Num_of_switch,IDs,Time
2,"1, 8",14.958139181137085
2,"1, 8",14.962819814682007
2,"1, 8",15.021935939788818
2,"1, 8",15.02785325050354
2,"1, 8",15.048450708389282
2,"1, 8",16.027562856674194
2,"1, 8",16.051501989364624
2,"1, 8",16.080034255981445
2,"1, 8",16.109206438064575
2,"1, 8",16.114667892456055
