Num_of_switch,IDs,Time
2,"1, 9",9.978402137756348
2,"1, 9",9.986599206924437
2,"1, 9",10.051473855972288
2,"1, 9",10.06985092163086
2,"1, 9",10.086999177932741
2,"1, 9",11.148467063903807
2,"1, 9",11.155463695526123
2,"1, 9",11.203694820404053
2,"1, 9",11.218310832977297
2,"1, 9",11.247692108154297
