Num_of_switch,IDs,Time
4,"1, 10, 5, 9",9.988128423690798
4,"1, 10, 5, 9",10.001100301742555
4,"1, 10, 5, 9",10.021341085433962
4,"1, 10, 5, 9",10.031615018844603
4,"1, 10, 5, 9",10.061598300933838
4,"1, 10, 5, 9",11.043747425079346
4,"1, 10, 5, 9",11.052136898040773
4,"1, 10, 5, 9",11.074174165725708
4,"1, 10, 5, 9",11.11581540107727
4,"1, 10, 5, 9",11.136879920959473
