Num_of_switch,IDs,Time
4,"1, 4, 3, 9",9.9417085647583
4,"1, 4, 3, 9",9.951050281524658
4,"1, 4, 3, 9",9.99336051940918
4,"1, 4, 3, 9",10.012122631072998
4,"1, 4, 3, 9",10.027699232101439
4,"1, 4, 3, 9",11.019803524017334
4,"1, 4, 3, 9",11.02771520614624
4,"1, 4, 3, 9",11.035813570022583
4,"1, 4, 3, 9",11.071975469589233
4,"1, 4, 3, 9",11.095726728439331
