Num_of_switch,IDs,Time
2,"1, 10",80.17283201217651
2,"1, 10",80.19559812545776
2,"1, 10",80.31604194641112
2,"1, 10",80.3959400653839
2,"1, 10",80.50588607788086
2,"1, 10",81.34694075584413
2,"1, 10",81.38135337829591
2,"1, 10",81.55744099617004
2,"1, 10",81.65368580818176
2,"1, 10",81.71725106239319
