Num_of_switch,IDs,Time
4,"1, 6, 3, 10",80.11661005020143
3,"1, 7, 10",80.24226617813109
2,"1, 10",80.39419889450073
2,"1, 10",80.42561626434326
2,"1, 10",80.49910974502562
2,"1, 10",80.63630700111389
2,"1, 10",80.6697943210602
2,"1, 10",81.34528207778929
2,"1, 10",81.42305064201355
2,"1, 10",81.47002458572388
2,"1, 10",81.5791654586792
2,"1, 10",81.5988826751709
