Num_of_switch,IDs,Time
3,"1, 19, 11",75.31034779548645
2,"1, 11",75.40318989753723
2,"1, 11",75.49720454216003
2,"1, 11",75.61148715019227
2,"1, 11",75.74738812446593
2,"1, 11",75.78521299362183
2,"1, 11",76.37055683135986
2,"1, 11",76.43397164344788
2,"1, 11",76.5040349960327
2,"1, 11",76.58078289031981
2,"1, 11",76.6872398853302
