Num_of_switch,IDs,Time
3,"1, 21, 11",75.26287651062013
2,"1, 11",75.31644797325134
2,"1, 11",75.53145790100099
2,"1, 11",75.59118747711182
2,"1, 11",75.71690177917479
2,"1, 11",75.7781698703766
2,"1, 11",76.3269772529602
2,"1, 11",76.39607310295105
2,"1, 11",76.43359994888307
2,"1, 11",76.54406356811523
2,"1, 11",76.66270065307617
