Num_of_switch,IDs,Time
3,"1, 19, 13",65.07948470115662
2,"1, 13",65.1509325504303
2,"1, 13",65.30707859992981
2,"1, 13",65.44119143486023
2,"1, 13",65.4929940700531
2,"1, 13",65.53944134712218
2,"1, 13",66.17831945419312
2,"1, 13",66.23153710365295
2,"1, 13",66.35589408874512
2,"1, 13",66.413512468338
2,"1, 13",66.52258777618408
