Num_of_switch,IDs,Time
2,"1, 15",55.26401734352112
2,"1, 15",55.286627769470215
2,"1, 15",55.39130854606629
2,"1, 15",55.50812578201294
2,"1, 15",55.660202980041504
2,"1, 15",56.407471895217896
2,"1, 15",56.462743043899536
2,"1, 15",56.66152286529541
2,"1, 15",56.746121406555176
2,"1, 15",56.849005699157715
