Num_of_switch,IDs,Time
4,"1, 22, 7, 15",55.00105595588684
3,"1, 3, 15",55.067551851272576
2,"1, 15",55.215102910995476
2,"1, 15",55.28580617904663
2,"1, 15",55.344570636749275
2,"1, 15",55.421775102615356
2,"1, 15",55.45779848098755
2,"1, 15",56.254048347473145
2,"1, 15",56.31630825996399
2,"1, 15",56.380241870880134
2,"1, 15",56.401981592178345
2,"1, 15",56.52134466171265
