Num_of_switch,IDs,Time
2,"1, 15",55.14134573936462
2,"1, 15",55.19727778434754
2,"1, 15",55.29205965995789
2,"1, 15",55.55448293685913
2,"1, 15",55.66007828712464
2,"1, 15",56.19796323776245
2,"1, 15",56.34504842758179
2,"1, 15",56.41165828704834
2,"1, 15",56.52707314491272
2,"1, 15",56.579540967941284
