Num_of_switch,IDs,Time
2,"1, 15",55.037837505340576
2,"1, 15",55.20281720161438
2,"1, 15",55.41630363464356
2,"1, 15",55.462292909622185
2,"1, 15",55.52176833152771
2,"1, 15",56.15533256530762
2,"1, 15",56.27923965454102
2,"1, 15",56.36429190635681
2,"1, 15",56.44118070602417
2,"1, 15",56.49235248565674
