Num_of_switch,IDs,Time
2,"1, 17",45.01755023002625
2,"1, 17",45.03407001495361
2,"1, 17",45.200709581375115
2,"1, 17",45.268337965011604
2,"1, 17",45.35255718231201
2,"1, 17",46.074152708053596
2,"1, 17",46.22031307220459
2,"1, 17",46.31806564331055
2,"1, 17",46.352559566497796
2,"1, 17",46.456416606903076
