Num_of_switch,IDs,Time
4,"1, 21, 7, 18",40.06022143363953
3,"1, 21, 18",40.10366702079772
2,"1, 18",40.21803092956543
2,"1, 18",40.302527189254754
2,"1, 18",40.387101411819465
2,"1, 18",40.49979543685913
2,"1, 18",40.54639673233032
2,"1, 18",41.144278526306145
2,"1, 18",41.227528810501106
2,"1, 18",41.27647709846497
2,"1, 18",41.344498872756965
2,"1, 18",41.42071890830994
