Num_of_switch,IDs,Time
2,"1, 19",35.099089860916145
2,"1, 19",35.26307153701782
2,"1, 19",35.283974885940545
2,"1, 19",35.341636657714844
2,"1, 19",35.40707445144653
2,"1, 19",36.1409227848053
2,"1, 19",36.15287733078003
2,"1, 19",36.16141366958618
2,"1, 19",36.17830634117127
2,"1, 19",36.1876654624939
