Num_of_switch,IDs,Time
2,"1, 19",35.04666256904602
2,"1, 19",35.46458435058594
2,"1, 19",35.60812425613403
2,"1, 19",35.628815412521355
2,"1, 19",35.65545463562012
2,"1, 19",36.166795015335076
2,"1, 19",36.23971605300903
2,"1, 19",36.386897087097175
2,"1, 19",36.45964574813843
2,"1, 19",36.53898501396179
