Num_of_switch,IDs,Time
2,"1, 20",30.14397954940796
2,"1, 20",30.18983483314514
2,"1, 20",30.29167199134827
2,"1, 20",30.36193013191223
2,"1, 20",30.42781114578247
2,"1, 20",31.184692859649658
2,"1, 20",31.24989414215088
2,"1, 20",31.329896926879893
2,"1, 20",31.383946657180786
2,"1, 20",31.46916437149048
