Num_of_switch,IDs,Time
2,"1, 21",24.982990980148315
2,"1, 21",25.032546043396
2,"1, 21",25.14488840103149
2,"1, 21",25.191646814346317
2,"1, 21",25.294742107391357
2,"1, 21",26.025697708129893
2,"1, 21",26.087792158126828
2,"1, 21",26.17915654182434
2,"1, 21",26.275537967681885
2,"1, 21",26.386784315109253
