Num_of_switch,IDs,Time
3,"1, 4, 21",24.967554807662964
2,"1, 21",25.042596578598022
2,"1, 21",25.325376749038696
2,"1, 21",25.370340585708608
2,"1, 21",25.411824226379395
2,"1, 21",25.474428176879893
2,"1, 21",26.07134413719177
2,"1, 21",26.09716820716858
2,"1, 21",26.17167353630066
2,"1, 21",26.35173034667969
2,"1, 21",26.409289598464966
