Num_of_switch,IDs,Time
3,"1, 6, 22",20.008037328720093
2,"1, 22",20.072455406188965
2,"1, 22",20.37531518936157
2,"1, 22",20.41522717475891
2,"1, 22",20.493215084075924
2,"1, 22",20.521933555603027
2,"1, 22",21.22860765457153
2,"1, 22",21.243199348449707
2,"1, 22",21.330820798873894
2,"1, 22",21.43289136886597
2,"1, 22",21.506654739379883
