Num_of_switch,IDs,Time
3,"1, 9, 22",20.152009963989254
2,"1, 22",20.224152326583862
2,"1, 22",20.32939839363098
2,"1, 22",20.387291193008426
2,"1, 22",20.48280692100525
2,"1, 22",20.55030488967895
2,"1, 22",21.164785146713253
2,"1, 22",21.288692474365234
2,"1, 22",21.307859659194946
2,"1, 22",21.386421680450443
2,"1, 22",21.452983140945435
