Num_of_switch,IDs,Time
2,"1, 23",14.98670506477356
2,"1, 23",15.070805311203005
2,"1, 23",15.167579650878904
2,"1, 23",15.269105434417725
2,"1, 23",15.539556980133055
2,"1, 23",16.05030083656311
2,"1, 23",16.111193895339966
2,"1, 23",16.174719095230106
2,"1, 23",16.268022060394287
2,"1, 23",16.35027241706848
