Num_of_switch,IDs,Time
2,"1, 23",14.936795234680176
2,"1, 23",15.046406984329224
2,"1, 23",15.080098390579224
2,"1, 23",15.145574569702148
2,"1, 23",15.243172883987427
2,"1, 23",15.972073554992676
2,"1, 23",16.077186107635498
2,"1, 23",16.146583080291748
2,"1, 23",16.251208066940308
2,"1, 23",16.30270504951477
