Num_of_switch,IDs,Time
3,"1, 8, 24",9.968441009521484
2,"1, 24",9.998670101165773
2,"1, 24",10.14345121383667
2,"1, 24",10.23004961013794
2,"1, 24",10.25759983062744
2,"1, 24",10.337206125259401
2,"1, 24",11.131702423095703
2,"1, 24",11.210954189300537
2,"1, 24",11.27191925048828
2,"1, 24",11.277410745620728
2,"1, 24",11.376157522201538
