Num_of_switch,IDs,Time
2,"1, 24",9.933193922042848
2,"1, 24",9.968487739562988
2,"1, 24",10.08088445663452
2,"1, 24",10.17670488357544
2,"1, 24",10.261638402938845
2,"1, 24",10.939245223999023
2,"1, 24",11.017035722732544
2,"1, 24",11.126255989074707
2,"1, 24",11.203228235244751
2,"1, 24",11.286998748779297
