Num_of_switch,IDs,Time
3,"1, 5, 8",90.35354924201964
3,"1, 5, 8",90.48562812805176
2,"1, 8",90.54921984672545
2,"1, 8",90.74197721481323
2,"1, 8",90.90958046913148
2,"1, 8",91.05952167510986
2,"1, 8",91.08110642433168
2,"1, 8",91.48084616661072
2,"1, 8",91.5264265537262
2,"1, 8",91.57947993278505
2,"1, 8",91.61859679222107
2,"1, 8",91.75800704956055
