Num_of_switch,IDs,Time
2,"1, 8",90.29484868049622
2,"1, 8",90.56299757957458
2,"1, 8",90.6073362827301
2,"1, 8",90.64080953598022
2,"1, 8",90.71009039878844
2,"1, 8",91.258971452713
2,"1, 8",91.35769510269164
2,"1, 8",91.46317934989928
2,"1, 8",91.579172372818
2,"1, 8",91.64757513999939
