Num_of_switch,IDs,Time
3,"1, 2, 9",85.21986865997314
2,"1, 9",85.26557421684267
2,"1, 9",85.41088986396791
2,"1, 9",85.46665716171266
2,"1, 9",85.6535222530365
2,"1, 9",85.67582273483276
2,"1, 9",86.38340973854065
2,"1, 9",86.45402956008911
2,"1, 9",86.57105541229248
2,"1, 9",86.66355657577516
2,"1, 9",86.74645018577576
