Num_of_switch,IDs,Time
4,"1, 21, 15, 11",43.7645525932312
3,"1, 22, 11",43.853023052215576
2,"1, 11",43.92192149162293
2,"1, 11",43.95407772064209
2,"1, 11",43.99721074104309
2,"1, 11",44.081666231155396
2,"1, 11",44.13383841514587
2,"1, 11",45.00795269012451
2,"1, 11",45.06133794784546
2,"1, 11",45.138137578964226
2,"1, 11",45.145684480667114
2,"1, 11",45.17109727859497
