Num_of_switch,IDs,Time
4,"1, 17, 21, 11",42.82516622543335
2,"1, 11",42.910315990448
2,"1, 11",42.96667861938477
2,"1, 11",43.06171298027039
2,"1, 11",43.11871075630188
2,"1, 11",43.17038154602051
2,"1, 11",43.85256290435791
2,"1, 11",43.87463140487671
2,"1, 11",43.944053649902344
2,"1, 11",44.05068063735962
2,"1, 11",44.09623169898987
