Num_of_switch,IDs,Time
2,"1, 15",35.10124444961548
2,"1, 15",35.130837440490716
2,"1, 15",35.309510946273804
2,"1, 15",35.37550687789917
2,"1, 15",35.41258335113525
2,"1, 15",36.16015386581421
2,"1, 15",36.21620750427246
2,"1, 15",36.31272959709168
2,"1, 15",36.3723292350769
2,"1, 15",36.417567014694214
