Num_of_switch,IDs,Time
3,"1, 30, 16",32.135164737701416
2,"1, 16",32.183018922805786
2,"1, 16",32.291922569274895
2,"1, 16",32.378311157226555
2,"1, 16",32.50574016571045
2,"1, 16",32.574655771255486
2,"1, 16",33.22694563865661
2,"1, 16",33.30102562904358
2,"1, 16",33.359594106674194
2,"1, 16",33.40421175956726
2,"1, 16",33.48196244239807
