Num_of_switch,IDs,Time
3,"1, 7, 18",27.890427112579346
2,"1, 18",28.05892848968506
2,"1, 18",28.271941900253296
2,"1, 18",28.385767698287964
2,"1, 18",28.43872737884521
2,"1, 18",28.492218494415283
2,"1, 18",29.24337673187256
2,"1, 18",29.253544092178345
2,"1, 18",29.26777052879333
2,"1, 18",29.42241477966309
2,"1, 18",29.443563222885132
