Num_of_switch,IDs,Time
4,"1, 8, 6, 22",20.098587512969967
3,"1, 8, 22",20.219088554382324
2,"1, 22",20.321696043014526
2,"1, 22",20.441738605499264
2,"1, 22",20.594142436981198
2,"1, 22",20.673576593399048
2,"1, 22",20.680124282836914
2,"1, 22",21.23383975028992
2,"1, 22",21.25928282737732
2,"1, 22",21.320900440216068
2,"1, 22",21.358640432357788
2,"1, 22",21.38436985015869
