Num_of_switch,IDs,Time
2,"1, 23",18.085228681564328
2,"1, 23",18.195993661880493
2,"1, 23",18.364971637725827
2,"1, 23",18.495328664779663
2,"1, 23",18.61461186408997
2,"1, 23",19.138601303100586
2,"1, 23",19.191972494125366
2,"1, 23",19.24223804473877
2,"1, 23",19.39477634429932
2,"1, 23",19.425978660583496
