Num_of_switch,IDs,Time
2,"1, 24",15.958495616912842
2,"1, 24",16.276459217071533
2,"1, 24",16.321266889572144
2,"1, 24",16.351521253585815
2,"1, 24",16.379886627197266
2,"1, 24",17.111509084701538
2,"1, 24",17.210777282714847
2,"1, 24",17.26405119895935
2,"1, 24",17.374256610870358
2,"1, 24",17.51476740837097
