Num_of_switch,IDs,Time
3,"1, 2, 25",13.96376895904541
3,"1, 2, 25",14.050750732421875
2,"1, 25",14.209152460098267
2,"1, 25",14.249927282333374
2,"1, 25",14.30160117149353
2,"1, 25",14.386258602142336
2,"1, 25",14.480594158172607
2,"1, 25",15.134406328201294
2,"1, 25",15.181429147720337
2,"1, 25",15.276988744735718
2,"1, 25",15.326525211334227
2,"1, 25",15.406042337417603
