Num_of_switch,IDs,Time
3,"1, 12, 25",13.943959951400757
2,"1, 25",14.019052028656006
2,"1, 25",14.181283473968506
2,"1, 25",14.248178005218506
2,"1, 25",14.354970693588257
2,"1, 25",14.367104530334473
2,"1, 25",15.153849124908447
2,"1, 25",15.242539167404175
2,"1, 25",15.309210538864136
2,"1, 25",15.336774349212645
2,"1, 25",15.367933750152588
