Num_of_switch,IDs,Time
2,"1, 27",9.932744026184082
2,"1, 27",9.946749210357666
2,"1, 27",10.172348976135254
2,"1, 27",10.215720176696776
2,"1, 27",10.267914056777952
2,"1, 27",11.032639503479004
2,"1, 27",11.051324367523193
2,"1, 27",11.06430435180664
2,"1, 27",11.3408842086792
2,"1, 27",11.38222360610962
