Num_of_switch,IDs,Time
2,"1, 27",9.987035036087038
2,"1, 27",9.997420072555544
2,"1, 27",10.113813161849977
2,"1, 27",10.282707691192627
2,"1, 27",10.311442613601683
2,"1, 27",11.079562664031982
2,"1, 27",11.10456609725952
2,"1, 27",11.238110303878784
2,"1, 27",11.285058736801147
2,"1, 27",11.339703798294067
