Num_of_switch,IDs,Time
2,"1, 27",9.901275634765623
2,"1, 27",9.966784477233887
2,"1, 27",10.196492910385134
2,"1, 27",10.266485214233398
2,"1, 27",10.327115535736084
2,"1, 27",11.0761981010437
2,"1, 27",11.105302333831787
2,"1, 27",11.159846305847168
2,"1, 27",11.207093000411987
2,"1, 27",11.308464765548706
