Num_of_switch,IDs,Time
2,"1, 28",7.887469530105591
2,"1, 28",8.000093221664429
2,"1, 28",8.154428482055664
2,"1, 28",8.224678039550781
2,"1, 28",8.282216548919678
2,"1, 28",8.924629211425781
2,"1, 28",8.950280666351318
2,"1, 28",9.06867742538452
2,"1, 28",9.113241910934446
2,"1, 28",9.13416600227356
