Num_of_switch,IDs,Time
4,"1, 7, 5, 29",5.943773984909058
3,"1, 7, 29",6.009430885314941
2,"1, 29",6.143373012542725
2,"1, 29",6.211650371551514
2,"1, 29",6.248053550720215
2,"1, 29",6.342079401016235
2,"1, 29",6.365133285522461
2,"1, 29",7.062034368515015
2,"1, 29",7.098994016647339
2,"1, 29",7.150212049484253
2,"1, 29",7.202956199645996
2,"1, 29",7.304673910140991
