Num_of_switch,IDs,Time
2,"1, 3",58.21134614944458
2,"1, 3",58.30285882949829
2,"1, 3",58.41102075576782
2,"1, 3",58.51640129089356
2,"1, 3",58.535382986068726
2,"1, 3",59.33823418617249
2,"1, 3",59.38865375518799
2,"1, 3",59.63352417945862
2,"1, 3",59.64053273200989
2,"1, 3",59.69676685333252
