Num_of_switch,IDs,Time
3,"1, 25, 5",54.21788907051086
3,"1, 25, 5",54.26869583129883
2,"1, 5",54.38418412208557
2,"1, 5",54.46986937522888
2,"1, 5",54.51546859741211
2,"1, 5",54.56339526176453
2,"1, 5",54.59868025779724
2,"1, 5",55.51518607139587
2,"1, 5",55.53961753845215
2,"1, 5",55.5442955493927
2,"1, 5",55.60796856880188
2,"1, 5",55.64084029197693
