Num_of_switch,IDs,Time
2,"1, 5",54.18083643913269
2,"1, 5",54.34085249900818
2,"1, 5",54.41139364242554
2,"1, 5",54.488768815994256
2,"1, 5",54.55347728729248
2,"1, 5",55.28347706794739
2,"1, 5",55.28939437866211
2,"1, 5",55.29587507247925
2,"1, 5",55.43858146667481
2,"1, 5",55.502280950546265
