Num_of_switch,IDs,Time
2,"1, 7",50.23171091079712
2,"1, 7",50.3209707736969
2,"1, 7",50.48813891410828
2,"1, 7",50.61850905418396
2,"1, 7",50.70009255409241
2,"1, 7",51.28406524658203
2,"1, 7",51.29686403274536
2,"1, 7",51.44534993171692
2,"1, 7",51.48965954780578
2,"1, 7",51.623159408569336
