Num_of_switch,IDs,Time
3,"1, 2, 7",50.19909310340881
2,"1, 7",50.28513240814209
2,"1, 7",50.407687664031975
2,"1, 7",50.562358140945435
2,"1, 7",50.58110880851746
2,"1, 7",50.61026620864868
2,"1, 7",51.31500720977783
2,"1, 7",51.351677656173706
2,"1, 7",51.43077611923218
2,"1, 7",51.499085903167725
2,"1, 7",51.53420042991638
