Num_of_switch,IDs,Time
2,"1, 8",48.64896655082703
2,"1, 8",48.89614462852478
2,"1, 8",49.0950767993927
2,"1, 8",49.22023296356201
2,"1, 8",49.22915720939636
2,"1, 8",49.74167895317078
2,"1, 8",49.79923415184021
2,"1, 8",49.86337375640869
2,"1, 8",49.93312096595764
2,"1, 8",50.02503442764282
