Num_of_switch,IDs,Time
3,"1, 12, 9",46.04167461395264
2,"1, 9",46.08408260345459
2,"1, 9",46.20955181121826
2,"1, 9",46.29400444030762
2,"1, 9",46.316413402557366
2,"1, 9",46.5034658908844
2,"1, 9",47.24884462356568
2,"1, 9",47.26637506484985
2,"1, 9",47.36447358131411
2,"1, 9",47.41850757598877
2,"1, 9",47.4708297252655
