Num_of_switch,IDs,Time
2,"1, 9",47.805408000946045
2,"1, 9",47.87015628814697
2,"1, 9",48.00244688987732
2,"1, 9",48.083985090255744
2,"1, 9",48.13173413276672
2,"1, 9",48.91454529762268
2,"1, 9",48.95035171508789
2,"1, 9",49.0733253955841
2,"1, 9",49.117052793502815
2,"1, 9",49.16081357002258
