Num_of_switch,IDs,Time
2,"1, 10",4.895905256271362
2,"1, 10",4.920094966888428
2,"1, 10",4.969923973083496
2,"1, 10",5.008749008178711
2,"1, 10",5.018248081207275
2,"1, 10",5.946285009384155
2,"1, 10",5.952794313430786
2,"1, 10",5.97204852104187
2,"1, 10",5.97929573059082
2,"1, 10",6.009525299072266
