Num_of_switch,IDs,Time
2,"1, 10",4.930405378341675
2,"1, 10",4.950353622436523
2,"1, 10",5.001784801483153
2,"1, 10",5.036473035812378
2,"1, 10",5.064294815063477
2,"1, 10",5.999767541885376
2,"1, 10",6.01408314704895
2,"1, 10",6.064355134963987
2,"1, 10",6.0848705768585205
2,"1, 10",6.099961280822754
