Num_of_switch,IDs,Time
2,"1, 2",44.917884349823
2,"1, 2",44.93397521972656
2,"1, 2",45.002681493759155
2,"1, 2",45.02156281471253
2,"1, 2",45.05098843574524
2,"1, 2",45.96763110160828
2,"1, 2",45.984938144683845
2,"1, 2",45.99511575698853
2,"1, 2",46.001638889312744
2,"1, 2",46.01511073112488
