Num_of_switch,IDs,Time
5,"1, 4, 7, 9, 2",45.0452446937561
2,"1, 2",45.06492233276367
2,"1, 2",45.111714839935296
2,"1, 2",45.1362886428833
2,"1, 2",45.15967202186585
2,"1, 2",45.17283320426941
2,"1, 2",46.099581003189094
2,"1, 2",46.1068696975708
2,"1, 2",46.16625428199768
2,"1, 2",46.18726110458374
2,"1, 2",46.19701814651489
