Num_of_switch,IDs,Time
2,"1, 4",34.934182167053216
2,"1, 4",34.94349217414856
2,"1, 4",34.97860074043274
2,"1, 4",35.001654386520386
2,"1, 4",35.02890920639038
2,"1, 4",35.981318473815925
2,"1, 4",36.00899720191956
2,"1, 4",36.01514315605164
2,"1, 4",36.0260021686554
2,"1, 4",36.061153173446655
