Num_of_switch,IDs,Time
2,"1, 9",9.993061780929564
2,"1, 9",9.997634410858154
2,"1, 9",10.023957490921019
2,"1, 9",10.042085647583008
2,"1, 9",10.04728078842163
2,"1, 9",10.978587865829468
2,"1, 9",10.986366987228394
2,"1, 9",11.01285195350647
2,"1, 9",11.056925535202026
2,"1, 9",11.071569681167603
