Num_of_switch,IDs,Time
3,"1, 4, 9",9.75672197341919
3,"1, 4, 9",9.770838737487793
2,"1, 9",9.819480180740355
2,"1, 9",9.841314554214476
2,"1, 9",9.864906787872314
2,"1, 9",9.880460262298584
2,"1, 9",9.89238166809082
2,"1, 9",10.841580390930176
2,"1, 9",10.858039379119873
2,"1, 9",10.870712041854858
2,"1, 9",10.883537292480467
2,"1, 9",10.89743971824646
